slot_index,screenshot_filename,screenshot_index,slot_position,is_final_screenshot,aligned_entry_index,entry_id,card_name,count,card_type,type,hp,stage,is_ex,variant,confidence_score,confidence_tier,evidence,warnings
0,IMG_1556.jpg,1,r1c1,False,0,charmander,Charmander,4,Pokemon,Fire,60,Basic,False,,0.62,low,sequential_order_alignment; boundary_row_penalty,no_ocr_name_verification
1,IMG_1556.jpg,1,r1c2,False,1,charmander_flame_tail_art,Charmander,2,Pokemon,Fire,70,Basic,False,Flame Tail art,0.62,low,sequential_order_alignment; boundary_row_penalty,no_ocr_name_verification
2,IMG_1556.jpg,1,r1c3,False,2,charmeleon,Charmeleon,2,Pokemon,Fire,80,Stage 1,False,,0.62,low,sequential_order_alignment; boundary_row_penalty,no_ocr_name_verification
3,IMG_1556.jpg,1,r2c1,False,3,charizard,Charizard,1,Pokemon,Fire,150,Stage 2,False,,0.7,low,sequential_order_alignment,no_ocr_name_verification
4,IMG_1556.jpg,1,r2c2,False,4,mega_charizard_y_ex,Mega Charizard Y ex,2,Pokemon,Fire,220,Stage 2,True,,0.7,low,sequential_order_alignment,no_ocr_name_verification
5,IMG_1556.jpg,1,r2c3,False,5,tepig,Tepig,2,Pokemon,Fire,60,Basic,False,,0.7,low,sequential_order_alignment,no_ocr_name_verification
6,IMG_1556.jpg,1,r3c1,False,6,pignite,Pignite,4,Pokemon,Fire,100,Stage 1,False,,0.62,low,sequential_order_alignment; boundary_row_penalty,no_ocr_name_verification
7,IMG_1556.jpg,1,r3c2,False,7,incineroar_ex,Incineroar ex,1,Pokemon,Fire,180,Stage 2,True,,0.62,low,sequential_order_alignment; boundary_row_penalty,no_ocr_name_verification
8,IMG_1556.jpg,1,r3c3,False,8,houndour,Houndour,1,Pokemon,Fire,60,Basic,False,,0.62,low,sequential_order_alignment; boundary_row_penalty,no_ocr_name_verification
9,IMG_1557.jpg,2,r1c1,False,9,houndoom,Houndoom,1,Pokemon,Fire,90,Stage 1,False,,0.62,low,sequential_order_alignment; boundary_row_penalty,no_ocr_name_verification
10,IMG_1557.jpg,2,r1c2,False,10,moltres_ex,Moltres ex,1,Pokemon,Fire,140,Basic,True,,0.62,low,sequential_order_alignment; boundary_row_penalty,no_ocr_name_verification
11,IMG_1557.jpg,2,r1c3,False,11,hearthflame_mask_ogerpon,Hearthflame Mask Ogerpon,1,Pokemon,Fire,80,Basic,False,,0.62,low,sequential_order_alignment; boundary_row_penalty,no_ocr_name_verification
12,IMG_1557.jpg,2,r2c1,False,12,victini,Victini,4,Pokemon,Fire,70,Basic,False,,0.7,low,sequential_order_alignment,no_ocr_name_verification
13,IMG_1557.jpg,2,r2c2,False,13,turtonator,Turtonator,2,Pokemon,Fire,110,Basic,False,,0.7,low,sequential_order_alignment,no_ocr_name_verification
14,IMG_1557.jpg,2,r2c3,False,14,arcanine,Arcanine,1,Pokemon,Fire,120,Stage 1,False,,0.7,low,sequential_order_alignment,no_ocr_name_verification
15,IMG_1557.jpg,2,r3c1,False,15,darumaka,Darumaka,2,Pokemon,Fire,60,Basic,False,,0.62,low,sequential_order_alignment; boundary_row_penalty,no_ocr_name_verification
16,IMG_1557.jpg,2,r3c2,False,16,darmanitan,Darmanitan,3,Pokemon,Fire,120,Stage 1,False,,0.62,low,sequential_order_alignment; boundary_row_penalty,no_ocr_name_verification
17,IMG_1557.jpg,2,r3c3,False,17,larvesta,Larvesta,3,Pokemon,Fire,80,Basic,False,,0.62,low,sequential_order_alignment; boundary_row_penalty,no_ocr_name_verification
18,IMG_1558.jpg,3,r1c1,False,18,numel,Numel,2,Pokemon,Fire,70,Basic,False,,0.62,low,sequential_order_alignment; boundary_row_penalty,no_ocr_name_verification
19,IMG_1558.jpg,3,r1c2,False,19,castform_sunny_form,Castform Sunny Form,1,Pokemon,Fire,70,Basic,False,,0.62,low,sequential_order_alignment; boundary_row_penalty,no_ocr_name_verification
20,IMG_1558.jpg,3,r1c3,False,20,mega_camerupt_ex,Mega Camerupt ex,1,Pokemon,Fire,210,Stage 1,True,,0.62,low,sequential_order_alignment; boundary_row_penalty,no_ocr_name_verification
21,IMG_1558.jpg,3,r2c1,False,21,blaziken,Blaziken,1,Pokemon,Fire,140,Stage 2,False,,0.7,low,sequential_order_alignment,no_ocr_name_verification
22,IMG_1558.jpg,3,r2c2,False,22,bulbasaur,Bulbasaur,1,Pokemon,Grass,70,Basic,False,,0.7,low,sequential_order_alignment,no_ocr_name_verification
23,IMG_1558.jpg,3,r2c3,False,23,bulbasaur_alt_art,Bulbasaur,1,Pokemon,Grass,70,Basic,False,alt art,0.7,low,sequential_order_alignment,no_ocr_name_verification
24,IMG_1558.jpg,3,r3c1,False,24,bulbasaur_tackle_art,Bulbasaur,3,Pokemon,Grass,60,Basic,False,Tackle art,0.62,low,sequential_order_alignment; boundary_row_penalty,no_ocr_name_verification
25,IMG_1558.jpg,3,r3c2,False,25,ivysaur,Ivysaur,1,Pokemon,Grass,100,Stage 1,False,,0.62,low,sequential_order_alignment; boundary_row_penalty,no_ocr_name_verification
26,IMG_1558.jpg,3,r3c3,False,26,mega_venusaur_ex,Mega Venusaur ex,2,Pokemon,Grass,240,Stage 2,True,,0.62,low,sequential_order_alignment; boundary_row_penalty,no_ocr_name_verification
27,IMG_1559.jpg,4,r1c1,False,27,shroomish,Shroomish,3,Pokemon,Grass,60,Basic,False,,0.62,low,sequential_order_alignment; boundary_row_penalty,no_ocr_name_verification
28,IMG_1559.jpg,4,r1c2,False,28,budew,Budew,1,Pokemon,Grass,30,Basic,False,,0.62,low,sequential_order_alignment; boundary_row_penalty,no_ocr_name_verification
29,IMG_1559.jpg,4,r1c3,False,29,breloom,Breloom,1,Pokemon,Grass,90,Stage 1,False,,0.62,low,sequential_order_alignment; boundary_row_penalty,no_ocr_name_verification
30,IMG_1559.jpg,4,r2c1,False,30,treecko,Treecko,2,Pokemon,Grass,60,Basic,False,,0.7,low,sequential_order_alignment,no_ocr_name_verification
31,IMG_1559.jpg,4,r2c2,False,31,surskit,Surskit,1,Pokemon,Grass,50,Basic,False,,0.7,low,sequential_order_alignment,no_ocr_name_verification
32,IMG_1559.jpg,4,r2c3,False,32,masquerain,Masquerain,1,Pokemon,Grass,90,Stage 1,False,,0.7,low,sequential_order_alignment,no_ocr_name_verification
33,IMG_1559.jpg,4,r3c1,False,33,carnivine,Carnivine,1,Pokemon,Grass,80,Basic,False,,0.62,low,sequential_order_alignment; boundary_row_penalty,no_ocr_name_verification
34,IMG_1559.jpg,4,r3c2,False,34,sewaddle,Sewaddle,2,Pokemon,Grass,60,Basic,False,,0.62,low,sequential_order_alignment; boundary_row_penalty,no_ocr_name_verification
35,IMG_1559.jpg,4,r3c3,False,35,swadloon,Swadloon,2,Pokemon,Grass,80,Stage 1,False,,0.62,low,sequential_order_alignment; boundary_row_penalty,no_ocr_name_verification
36,IMG_1560.jpg,5,r1c1,False,36,applin,Applin,4,Pokemon,Grass,40,Basic,False,,0.62,low,sequential_order_alignment; boundary_row_penalty,no_ocr_name_verification
37,IMG_1560.jpg,5,r1c2,False,37,leavanny,Leavanny,1,Pokemon,Grass,140,Stage 2,False,,0.62,low,sequential_order_alignment; boundary_row_penalty,no_ocr_name_verification
38,IMG_1560.jpg,5,r1c3,False,38,silcoon,Silcoon,1,Pokemon,Grass,80,Stage 1,False,,0.62,low,sequential_order_alignment; boundary_row_penalty,no_ocr_name_verification
39,IMG_1560.jpg,5,r2c1,False,39,seedot,Seedot,1,Pokemon,Grass,50,Basic,False,,0.7,low,sequential_order_alignment,no_ocr_name_verification
40,IMG_1560.jpg,5,r2c2,False,40,mothim,Mothim,3,Pokemon,Grass,100,Stage 1,False,,0.7,low,sequential_order_alignment,no_ocr_name_verification
41,IMG_1560.jpg,5,r2c3,False,41,burmy,Burmy,1,Pokemon,Grass,60,Basic,False,,0.7,low,sequential_order_alignment,no_ocr_name_verification
42,IMG_1560.jpg,5,r3c1,False,42,tangela,Tangela,3,Pokemon,Grass,80,Basic,False,,0.62,low,sequential_order_alignment; boundary_row_penalty,no_ocr_name_verification
43,IMG_1560.jpg,5,r3c2,False,43,venonat,Venonat,1,Pokemon,Grass,60,Basic,False,,0.62,low,sequential_order_alignment; boundary_row_penalty,no_ocr_name_verification
44,IMG_1560.jpg,5,r3c3,False,44,roselia,Roselia,2,Pokemon,Grass,60,Basic,False,,0.62,low,sequential_order_alignment; boundary_row_penalty,no_ocr_name_verification
45,IMG_1561.jpg,6,r1c1,False,45,spinarak,Spinarak,2,Pokemon,Grass,50,Basic,False,,0.62,low,sequential_order_alignment; boundary_row_penalty,no_ocr_name_verification
46,IMG_1561.jpg,6,r1c2,False,46,sunkern,Sunkern,1,Pokemon,Grass,50,Basic,False,,0.62,low,sequential_order_alignment; boundary_row_penalty,no_ocr_name_verification
47,IMG_1561.jpg,6,r1c3,False,47,cherubi,Cherubi,1,Pokemon,Grass,50,Basic,False,,0.62,low,sequential_order_alignment; boundary_row_penalty,no_ocr_name_verification
48,IMG_1561.jpg,6,r2c1,False,48,sobble,Sobble,3,Pokemon,Water,60,Basic,False,,0.7,low,sequential_order_alignment,no_ocr_name_verification
49,IMG_1561.jpg,6,r2c2,False,49,wartortle,Wartortle,1,Pokemon,Water,90,Stage 1,False,,0.7,low,sequential_order_alignment,no_ocr_name_verification
50,IMG_1561.jpg,6,r2c3,False,50,vaporeon_ex,Vaporeon ex,1,Pokemon,Water,160,Stage 1,True,,0.7,low,sequential_order_alignment,no_ocr_name_verification
51,IMG_1561.jpg,6,r3c1,False,51,clawitzer,Clawitzer,2,Pokemon,Water,100,Stage 1,False,,0.62,low,sequential_order_alignment; boundary_row_penalty,no_ocr_name_verification
52,IMG_1561.jpg,6,r3c2,False,52,huntail,Huntail,2,Pokemon,Water,100,Stage 1,False,,0.62,low,sequential_order_alignment; boundary_row_penalty,no_ocr_name_verification
53,IMG_1561.jpg,6,r3c3,False,53,gorebyss,Gorebyss,2,Pokemon,Water,100,Stage 1,False,,0.62,low,sequential_order_alignment; boundary_row_penalty,no_ocr_name_verification
54,IMG_1562.jpg,7,r1c1,False,54,quagsire,Quagsire,1,Pokemon,Water,130,Stage 1,False,,0.62,low,sequential_order_alignment; boundary_row_penalty,no_ocr_name_verification
55,IMG_1562.jpg,7,r1c2,False,55,poliwhirl,Poliwhirl,3,Pokemon,Water,90,Stage 1,False,,0.62,low,sequential_order_alignment; boundary_row_penalty,no_ocr_name_verification
56,IMG_1562.jpg,7,r1c3,False,56,paldean_tauros,Paldean Tauros,3,Pokemon,Water,100,Basic,False,,0.62,low,sequential_order_alignment; boundary_row_penalty,no_ocr_name_verification
57,IMG_1562.jpg,7,r2c1,False,57,shellder,Shellder,1,Pokemon,Water,60,Basic,False,,0.7,low,sequential_order_alignment,no_ocr_name_verification
58,IMG_1562.jpg,7,r2c2,False,58,clauncher,Clauncher,2,Pokemon,Water,60,Basic,False,,0.7,low,sequential_order_alignment,no_ocr_name_verification
59,IMG_1562.jpg,7,r2c3,False,59,basculin,Basculin,1,Pokemon,Water,80,Basic,False,,0.7,low,sequential_order_alignment,no_ocr_name_verification
60,IMG_1562.jpg,7,r3c1,False,60,wooper,Wooper,2,Pokemon,Water,60,Basic,False,,0.62,low,sequential_order_alignment; boundary_row_penalty,no_ocr_name_verification
61,IMG_1562.jpg,7,r3c2,False,61,castform_rainy_form,Castform Rainy Form,3,Pokemon,Water,70,Basic,False,,0.62,low,sequential_order_alignment; boundary_row_penalty,no_ocr_name_verification
62,IMG_1562.jpg,7,r3c3,False,62,castform_snowy_form,Castform Snowy Form,1,Pokemon,Water,70,Basic,False,,0.62,low,sequential_order_alignment; boundary_row_penalty,no_ocr_name_verification
63,IMG_1563.jpg,8,r1c1,False,63,clamperl,Clamperl,5,Pokemon,Water,60,Basic,False,,0.62,low,sequential_order_alignment; boundary_row_penalty,no_ocr_name_verification
64,IMG_1563.jpg,8,r1c2,False,64,cubchoo,Cubchoo,1,Pokemon,Water,70,Basic,False,,0.62,low,sequential_order_alignment; boundary_row_penalty,no_ocr_name_verification
65,IMG_1563.jpg,8,r1c3,False,65,frillish,Frillish,1,Pokemon,Water,60,Basic,False,,0.62,low,sequential_order_alignment; boundary_row_penalty,no_ocr_name_verification
66,IMG_1563.jpg,8,r2c1,False,66,chewtle,Chewtle,1,Pokemon,Water,80,Basic,False,,0.7,low,sequential_order_alignment,no_ocr_name_verification
67,IMG_1563.jpg,8,r2c2,False,67,zekrom,Zekrom,1,Pokemon,Lightning,120,Basic,False,,0.7,low,sequential_order_alignment,no_ocr_name_verification
68,IMG_1563.jpg,8,r2c3,False,68,magnezone_ex,Magnezone ex,1,Pokemon,Lightning,180,Stage 2,True,,0.7,low,sequential_order_alignment,no_ocr_name_verification
69,IMG_1563.jpg,8,r3c1,False,69,eelektross,Eelektross,1,Pokemon,Lightning,140,Stage 2,False,,0.62,low,sequential_order_alignment; boundary_row_penalty,no_ocr_name_verification
70,IMG_1563.jpg,8,r3c2,False,70,magneton_spark_art,Magneton,1,Pokemon,Lightning,80,Stage 1,False,Spark art,0.62,low,sequential_order_alignment; boundary_row_penalty,no_ocr_name_verification
71,IMG_1563.jpg,8,r3c3,False,71,magneton_magnetic_blast_art,Magneton,2,Pokemon,Lightning,90,Stage 1,False,Magnetic Blast art,0.62,low,sequential_order_alignment; boundary_row_penalty,no_ocr_name_verification
72,IMG_1564.jpg,9,r1c1,False,72,magnemite_electro_ball_art,Magnemite,1,Pokemon,Lightning,50,Basic,False,Electro Ball art,0.62,low,sequential_order_alignment; boundary_row_penalty,no_ocr_name_verification
73,IMG_1564.jpg,9,r1c2,False,73,magnemite_thunder_shock_art,Magnemite,2,Pokemon,Lightning,60,Basic,False,Thunder Shock art,0.62,low,sequential_order_alignment; boundary_row_penalty,no_ocr_name_verification
74,IMG_1564.jpg,9,r1c3,False,74,heliolisk,Heliolisk,2,Pokemon,Lightning,100,Stage 1,False,,0.62,low,sequential_order_alignment; boundary_row_penalty,no_ocr_name_verification
75,IMG_1564.jpg,9,r2c1,False,75,helioptile,Helioptile,2,Pokemon,Lightning,60,Basic,False,,0.7,low,sequential_order_alignment,no_ocr_name_verification
76,IMG_1564.jpg,9,r2c2,False,76,lanturn,Lanturn,2,Pokemon,Lightning,110,Stage 1,False,,0.7,low,sequential_order_alignment,no_ocr_name_verification
77,IMG_1564.jpg,9,r2c3,False,77,morpeko,Morpeko,3,Pokemon,Lightning,70,Basic,False,,0.7,low,sequential_order_alignment,no_ocr_name_verification
78,IMG_1564.jpg,9,r3c1,False,78,joltik,Joltik,1,Pokemon,Lightning,30,Basic,False,,0.62,low,sequential_order_alignment; boundary_row_penalty,no_ocr_name_verification
79,IMG_1564.jpg,9,r3c2,False,79,voltorb,Voltorb,3,Pokemon,Lightning,50,Basic,False,,0.62,low,sequential_order_alignment; boundary_row_penalty,no_ocr_name_verification
80,IMG_1564.jpg,9,r3c3,False,80,electrode,Electrode,1,Pokemon,Lightning,90,Stage 1,False,,0.62,low,sequential_order_alignment; boundary_row_penalty,no_ocr_name_verification
81,IMG_1565.jpg,10,r1c1,False,81,pikachu,Pikachu,1,Pokemon,Lightning,60,Basic,False,,0.62,low,sequential_order_alignment; boundary_row_penalty,no_ocr_name_verification
82,IMG_1565.jpg,10,r1c2,False,82,meloetta,Meloetta,3,Pokemon,Psychic,70,Basic,False,,0.62,low,sequential_order_alignment; boundary_row_penalty,no_ocr_name_verification
83,IMG_1565.jpg,10,r1c3,False,83,mismagius,Mismagius,2,Pokemon,Psychic,90,Stage 1,False,,0.62,low,sequential_order_alignment; boundary_row_penalty,no_ocr_name_verification
84,IMG_1565.jpg,10,r2c1,False,84,hattrem,Hattrem,2,Pokemon,Psychic,80,Stage 1,False,,0.7,low,sequential_order_alignment,no_ocr_name_verification
85,IMG_1565.jpg,10,r2c2,False,85,aromatisse,Aromatisse,2,Pokemon,Psychic,100,Stage 1,False,,0.7,low,sequential_order_alignment,no_ocr_name_verification
86,IMG_1565.jpg,10,r2c3,False,86,galarian_rapidash,Galarian Rapidash,1,Pokemon,Psychic,100,Stage 1,False,,0.7,low,sequential_order_alignment,no_ocr_name_verification
87,IMG_1565.jpg,10,r3c1,False,87,misdreavus,Misdreavus,4,Pokemon,Psychic,50,Basic,False,,0.62,low,sequential_order_alignment; boundary_row_penalty,no_ocr_name_verification
88,IMG_1565.jpg,10,r3c2,False,88,solosis,Solosis,2,Pokemon,Psychic,40,Basic,False,,0.62,low,sequential_order_alignment; boundary_row_penalty,no_ocr_name_verification
89,IMG_1565.jpg,10,r3c3,False,89,spritzee,Spritzee,6,Pokemon,Psychic,60,Basic,False,,0.62,low,sequential_order_alignment; boundary_row_penalty,no_ocr_name_verification
90,IMG_1566.jpg,11,r1c1,False,90,ralts,Ralts,1,Pokemon,Psychic,60,Basic,False,,0.62,low,sequential_order_alignment; boundary_row_penalty,no_ocr_name_verification
91,IMG_1566.jpg,11,r1c2,False,91,sinistea,Sinistea,1,Pokemon,Psychic,30,Basic,False,,0.62,low,sequential_order_alignment; boundary_row_penalty,no_ocr_name_verification
92,IMG_1566.jpg,11,r1c3,False,92,espurr,Espurr,1,Pokemon,Psychic,60,Basic,False,,0.62,low,sequential_order_alignment; boundary_row_penalty,no_ocr_name_verification
93,IMG_1566.jpg,11,r2c1,False,93,oricorio,Oricorio,2,Pokemon,Psychic,80,Basic,False,,0.7,low,sequential_order_alignment,no_ocr_name_verification
94,IMG_1566.jpg,11,r2c2,False,94,hatenna,Hatenna,1,Pokemon,Psychic,60,Basic,False,,0.7,low,sequential_order_alignment,no_ocr_name_verification
95,IMG_1566.jpg,11,r2c3,False,95,bramblin,Bramblin,2,Pokemon,Psychic,60,Basic,False,,0.7,low,sequential_order_alignment,no_ocr_name_verification
96,IMG_1566.jpg,11,r3c1,False,96,marowak_ex,Marowak ex,1,Pokemon,Fighting,140,Stage 1,True,,0.62,low,sequential_order_alignment; boundary_row_penalty,no_ocr_name_verification
97,IMG_1566.jpg,11,r3c2,False,97,single_strike_urshifu,Single Strike Urshifu,1,Pokemon,Darkness,120,Basic,False,,0.62,low,sequential_order_alignment; boundary_row_penalty,no_ocr_name_verification
98,IMG_1566.jpg,11,r3c3,False,98,sandslash,Sandslash,2,Pokemon,Fighting,100,Stage 1,False,,0.62,low,sequential_order_alignment; boundary_row_penalty,no_ocr_name_verification
99,IMG_1567.jpg,12,r1c1,False,99,hariyama,Hariyama,2,Pokemon,Fighting,120,Stage 1,False,,0.62,low,sequential_order_alignment; boundary_row_penalty,no_ocr_name_verification
100,IMG_1567.jpg,12,r1c2,False,100,machamp,Machamp,1,Pokemon,Fighting,150,Stage 2,False,,0.62,low,sequential_order_alignment; boundary_row_penalty,no_ocr_name_verification
101,IMG_1567.jpg,12,r1c3,False,101,machop,Machop,1,Pokemon,Fighting,70,Basic,False,,0.62,low,sequential_order_alignment; boundary_row_penalty,no_ocr_name_verification
102,IMG_1567.jpg,12,r2c1,False,102,makuhita,Makuhita,1,Pokemon,Fighting,80,Basic,False,,0.7,low,sequential_order_alignment,no_ocr_name_verification
103,IMG_1567.jpg,12,r2c2,False,103,hitmonchan,Hitmonchan,1,Pokemon,Fighting,80,Basic,False,,0.7,low,sequential_order_alignment,no_ocr_name_verification
104,IMG_1567.jpg,12,r2c3,False,104,mienfoo_pound_art,Mienfoo,2,Pokemon,Fighting,60,Basic,False,Pound art,0.7,low,sequential_order_alignment,no_ocr_name_verification
105,IMG_1567.jpg,12,r3c1,False,105,mienfoo_chop_art,Mienfoo,1,Pokemon,Fighting,50,Basic,False,Chop art,0.62,low,sequential_order_alignment; boundary_row_penalty,no_ocr_name_verification
106,IMG_1567.jpg,12,r3c2,False,106,mienshao_spiral_kick_art,Mienshao,1,Pokemon,Fighting,80,Stage 1,False,Spiral Kick art,0.62,low,sequential_order_alignment; boundary_row_penalty,no_ocr_name_verification
107,IMG_1567.jpg,12,r3c3,False,107,mienshao_low_sweep_art,Mienshao,2,Pokemon,Fighting,90,Stage 1,False,Low Sweep art,0.62,low,sequential_order_alignment; boundary_row_penalty,no_ocr_name_verification
108,IMG_1568.jpg,13,r1c1,False,108,riolu_fighting_fast_art,Riolu,1,Pokemon,Fighting,60,Basic,False,Fighting Fast art,0.62,low,sequential_order_alignment; boundary_row_penalty,no_ocr_name_verification
109,IMG_1568.jpg,13,r1c2,False,109,riolu_fighting_fist_art,Riolu,2,Pokemon,Fighting,60,Basic,False,Fighting Fist art,0.62,low,sequential_order_alignment; boundary_row_penalty,no_ocr_name_verification
110,IMG_1568.jpg,13,r1c3,False,110,sandshrew,Sandshrew,2,Pokemon,Fighting,70,Basic,False,,0.62,low,sequential_order_alignment; boundary_row_penalty,no_ocr_name_verification
111,IMG_1568.jpg,13,r2c1,False,111,cubone,Cubone,2,Pokemon,Fighting,60,Basic,False,,0.7,low,sequential_order_alignment,no_ocr_name_verification
112,IMG_1568.jpg,13,r2c2,False,112,onix_land_crush_art,Onix,1,Pokemon,Fighting,110,Basic,False,Land Crush art,0.7,low,sequential_order_alignment,no_ocr_name_verification
113,IMG_1568.jpg,13,r2c3,False,113,onix_dig_art,Onix,2,Pokemon,Fighting,100,Basic,False,Dig art,0.7,low,sequential_order_alignment,no_ocr_name_verification
114,IMG_1568.jpg,13,r3c1,False,114,nosepass,Nosepass,6,Pokemon,Fighting,70,Basic,False,,0.62,low,sequential_order_alignment; boundary_row_penalty,no_ocr_name_verification
115,IMG_1568.jpg,13,r3c2,False,115,sandygast,Sandygast,1,Pokemon,Fighting,80,Basic,False,,0.62,low,sequential_order_alignment; boundary_row_penalty,no_ocr_name_verification
116,IMG_1568.jpg,13,r3c3,False,116,palossand,Palossand,1,Pokemon,Fighting,140,Stage 1,False,,0.62,low,sequential_order_alignment; boundary_row_penalty,no_ocr_name_verification
117,IMG_1569.jpg,14,r1c1,False,117,bewear,Bewear,2,Pokemon,Fighting,110,Stage 1,False,,0.62,low,sequential_order_alignment; boundary_row_penalty,no_ocr_name_verification
118,IMG_1569.jpg,14,r1c2,False,118,sandaconda,Sandaconda,2,Pokemon,Fighting,130,Stage 1,False,,0.62,low,sequential_order_alignment; boundary_row_penalty,no_ocr_name_verification
119,IMG_1569.jpg,14,r1c3,False,119,gligar,Gligar,1,Pokemon,Fighting,60,Basic,False,,0.62,low,sequential_order_alignment; boundary_row_penalty,no_ocr_name_verification
120,IMG_1569.jpg,14,r2c1,False,120,trapinch,Trapinch,1,Pokemon,Fighting,60,Basic,False,,0.7,low,sequential_order_alignment,no_ocr_name_verification
121,IMG_1569.jpg,14,r2c2,False,121,roggenrola,Roggenrola,1,Pokemon,Fighting,70,Basic,False,,0.7,low,sequential_order_alignment,no_ocr_name_verification
122,IMG_1569.jpg,14,r2c3,False,122,rockruff,Rockruff,1,Pokemon,Fighting,60,Basic,False,,0.7,low,sequential_order_alignment,no_ocr_name_verification
123,IMG_1569.jpg,14,r3c1,False,123,toxicroak,Toxicroak,2,Pokemon,Fighting,90,Stage 1,False,,0.62,low,sequential_order_alignment; boundary_row_penalty,no_ocr_name_verification
124,IMG_1569.jpg,14,r3c2,False,124,croagunk,Croagunk,4,Pokemon,Fighting,60,Basic,False,,0.62,low,sequential_order_alignment; boundary_row_penalty,no_ocr_name_verification
125,IMG_1569.jpg,14,r3c3,False,125,meditite,Meditite,1,Pokemon,Fighting,60,Basic,False,,0.62,low,sequential_order_alignment; boundary_row_penalty,no_ocr_name_verification
126,IMG_1570.jpg,15,r1c1,False,126,throh,Throh,1,Pokemon,Fighting,100,Basic,False,,0.62,low,sequential_order_alignment; boundary_row_penalty,no_ocr_name_verification
127,IMG_1570.jpg,15,r1c2,False,127,sawk,Sawk,2,Pokemon,Fighting,90,Basic,False,,0.62,low,sequential_order_alignment; boundary_row_penalty,no_ocr_name_verification
128,IMG_1570.jpg,15,r1c3,False,128,dwebble,Dwebble,1,Pokemon,Fighting,70,Basic,False,,0.62,low,sequential_order_alignment; boundary_row_penalty,no_ocr_name_verification
129,IMG_1570.jpg,15,r2c1,False,129,stufful,Stufful,1,Pokemon,Fighting,70,Basic,False,,0.7,low,sequential_order_alignment,no_ocr_name_verification
130,IMG_1570.jpg,15,r2c2,False,130,rolycoly,Rolycoly,3,Pokemon,Fighting,80,Basic,False,,0.7,low,sequential_order_alignment,no_ocr_name_verification
131,IMG_1570.jpg,15,r2c3,False,131,silicobra,Silicobra,2,Pokemon,Fighting,70,Basic,False,,0.7,low,sequential_order_alignment,no_ocr_name_verification
132,IMG_1570.jpg,15,r3c1,False,132,kubfu,Kubfu,1,Pokemon,Fighting,60,Basic,False,,0.62,low,sequential_order_alignment; boundary_row_penalty,no_ocr_name_verification
133,IMG_1570.jpg,15,r3c2,False,133,zygarde_10_forme,Zygarde 10% Forme,1,Pokemon,Fighting,80,Basic,False,,0.62,low,sequential_order_alignment; boundary_row_penalty,no_ocr_name_verification
134,IMG_1570.jpg,15,r3c3,False,134,zygarde_50_forme,Zygarde 50% Forme,3,Pokemon,Fighting,120,Basic,False,,0.62,low,sequential_order_alignment; boundary_row_penalty,no_ocr_name_verification
135,IMG_1571.jpg,16,r1c1,False,135,zygarde_ex,Zygarde ex,1,Pokemon,Fighting,170,Basic,True,,0.62,low,sequential_order_alignment; boundary_row_penalty,no_ocr_name_verification
136,IMG_1571.jpg,16,r1c2,False,136,krookodile,Krookodile,1,Pokemon,Fighting,160,Stage 2,False,,0.62,low,sequential_order_alignment; boundary_row_penalty,no_ocr_name_verification
137,IMG_1571.jpg,16,r1c3,False,137,bonsly,Bonsly,1,Pokemon,Fighting,30,Basic,False,,0.62,low,sequential_order_alignment; boundary_row_penalty,no_ocr_name_verification
138,IMG_1571.jpg,16,r2c1,False,138,yveltal,Yveltal,1,Pokemon,Darkness,120,Basic,False,,0.7,low,sequential_order_alignment,no_ocr_name_verification
139,IMG_1571.jpg,16,r2c2,False,139,crobat,Crobat,1,Pokemon,Darkness,130,Stage 2,False,,0.7,low,sequential_order_alignment,no_ocr_name_verification
140,IMG_1571.jpg,16,r2c3,False,140,golbat,Golbat,1,Pokemon,Darkness,80,Stage 1,False,,0.7,low,sequential_order_alignment,no_ocr_name_verification
141,IMG_1571.jpg,16,r3c1,False,141,zubat,Zubat,1,Pokemon,Darkness,50,Basic,False,,0.62,low,sequential_order_alignment; boundary_row_penalty,no_ocr_name_verification
142,IMG_1571.jpg,16,r3c2,False,142,alolan_persian,Alolan Persian,1,Pokemon,Darkness,100,Stage 1,False,,0.62,low,sequential_order_alignment; boundary_row_penalty,no_ocr_name_verification
143,IMG_1571.jpg,16,r3c3,False,143,garbodor,Garbodor,3,Pokemon,Darkness,130,Stage 2,False,,0.62,low,sequential_order_alignment; boundary_row_penalty,no_ocr_name_verification
144,IMG_1572.jpg,17,r1c1,False,144,skrelp,Skrelp,1,Pokemon,Darkness,60,Basic,False,,0.62,low,sequential_order_alignment; boundary_row_penalty,no_ocr_name_verification
145,IMG_1572.jpg,17,r1c2,False,145,mandibuzz,Mandibuzz,1,Pokemon,Darkness,100,Stage 1,False,,0.62,low,sequential_order_alignment; boundary_row_penalty,no_ocr_name_verification
146,IMG_1572.jpg,17,r1c3,False,146,vullaby,Vullaby,5,Pokemon,Darkness,60,Basic,False,,0.62,low,sequential_order_alignment; boundary_row_penalty,no_ocr_name_verification
147,IMG_1572.jpg,17,r2c1,False,147,malamar,Malamar,1,Pokemon,Darkness,100,Stage 1,False,,0.7,low,sequential_order_alignment,no_ocr_name_verification
148,IMG_1572.jpg,17,r2c2,False,148,grimer,Grimer,3,Pokemon,Darkness,80,Basic,False,,0.7,low,sequential_order_alignment,no_ocr_name_verification
149,IMG_1572.jpg,17,r2c3,False,149,trubbish,Trubbish,1,Pokemon,Darkness,70,Basic,False,,0.7,low,sequential_order_alignment,no_ocr_name_verification
150,IMG_1572.jpg,17,r3c1,False,150,zorua,Zorua,2,Pokemon,Darkness,60,Basic,False,,0.62,low,sequential_order_alignment; boundary_row_penalty,no_ocr_name_verification
151,IMG_1572.jpg,17,r3c2,False,151,seviper,Seviper,3,Pokemon,Darkness,70,Basic,False,,0.62,low,sequential_order_alignment; boundary_row_penalty,no_ocr_name_verification
152,IMG_1572.jpg,17,r3c3,False,152,scraggy,Scraggy,1,Pokemon,Darkness,60,Basic,False,,0.62,low,sequential_order_alignment; boundary_row_penalty,no_ocr_name_verification
153,IMG_1573.jpg,18,r1c1,False,153,koffing,Koffing,2,Pokemon,Darkness,70,Basic,False,,0.62,low,sequential_order_alignment; boundary_row_penalty,no_ocr_name_verification
154,IMG_1573.jpg,18,r1c2,False,154,qwilfish,Qwilfish,1,Pokemon,Darkness,80,Basic,False,,0.62,low,sequential_order_alignment; boundary_row_penalty,no_ocr_name_verification
155,IMG_1573.jpg,18,r1c3,False,155,genesect,Genesect,1,Pokemon,Metal,110,Basic,False,,0.62,low,sequential_order_alignment; boundary_row_penalty,no_ocr_name_verification
156,IMG_1573.jpg,18,r2c1,False,156,magearna,Magearna,1,Pokemon,Metal,90,Basic,False,,0.7,low,sequential_order_alignment,no_ocr_name_verification
157,IMG_1573.jpg,18,r2c2,False,157,meltan,Meltan,2,Pokemon,Metal,60,Basic,False,,0.7,low,sequential_order_alignment,no_ocr_name_verification
158,IMG_1573.jpg,18,r2c3,False,158,steelix,Steelix,3,Pokemon,Metal,150,Stage 1,False,,0.7,low,sequential_order_alignment,no_ocr_name_verification
159,IMG_1573.jpg,18,r3c1,False,159,probopass,Probopass,1,Pokemon,Metal,130,Stage 1,False,,0.62,low,sequential_order_alignment; boundary_row_penalty,no_ocr_name_verification
160,IMG_1573.jpg,18,r3c2,False,160,doublade,Doublade,1,Pokemon,Metal,90,Stage 1,False,,0.62,low,sequential_order_alignment; boundary_row_penalty,no_ocr_name_verification
161,IMG_1573.jpg,18,r3c3,False,161,bronzong,Bronzong,1,Pokemon,Metal,120,Stage 1,False,,0.62,low,sequential_order_alignment; boundary_row_penalty,no_ocr_name_verification
162,IMG_1574.jpg,19,r1c1,False,162,bisharp,Bisharp,1,Pokemon,Metal,90,Stage 1,False,,0.62,low,sequential_order_alignment; boundary_row_penalty,no_ocr_name_verification
163,IMG_1574.jpg,19,r1c2,False,163,bronzor,Bronzor,2,Pokemon,Metal,60,Basic,False,,0.62,low,sequential_order_alignment; boundary_row_penalty,no_ocr_name_verification
164,IMG_1574.jpg,19,r1c3,False,164,pawniard,Pawniard,1,Pokemon,Metal,60,Basic,False,,0.62,low,sequential_order_alignment; boundary_row_penalty,no_ocr_name_verification
165,IMG_1574.jpg,19,r2c1,False,165,mawile,Mawile,1,Pokemon,Metal,80,Basic,False,,0.7,low,sequential_order_alignment,no_ocr_name_verification
166,IMG_1574.jpg,19,r2c2,False,166,varoom,Varoom,1,Pokemon,Metal,70,Basic,False,,0.7,low,sequential_order_alignment,no_ocr_name_verification
167,IMG_1574.jpg,19,r2c3,False,167,vibrava,Vibrava,1,Pokemon,Dragon,90,Stage 1,False,,0.7,low,sequential_order_alignment,no_ocr_name_verification
168,IMG_1574.jpg,19,r3c1,False,168,dratini,Dratini,1,Pokemon,Dragon,70,Basic,False,,0.62,low,sequential_order_alignment; boundary_row_penalty,no_ocr_name_verification
169,IMG_1574.jpg,19,r3c2,False,169,stoutland,Stoutland,1,Pokemon,Colorless,150,Stage 2,False,,0.62,low,sequential_order_alignment; boundary_row_penalty,no_ocr_name_verification
170,IMG_1574.jpg,19,r3c3,False,170,herdier,Herdier,3,Pokemon,Colorless,90,Stage 1,False,,0.62,low,sequential_order_alignment; boundary_row_penalty,no_ocr_name_verification
171,IMG_1575.jpg,20,r1c1,False,171,lillipup,Lillipup,3,Pokemon,Colorless,60,Basic,False,,0.62,low,sequential_order_alignment; boundary_row_penalty,no_ocr_name_verification
172,IMG_1575.jpg,20,r1c2,False,172,dodrio,Dodrio,1,Pokemon,Colorless,80,Stage 1,False,,0.62,low,sequential_order_alignment; boundary_row_penalty,no_ocr_name_verification
173,IMG_1575.jpg,20,r1c3,False,173,corvisquire,Corvisquire,1,Pokemon,Colorless,80,Stage 1,False,,0.62,low,sequential_order_alignment; boundary_row_penalty,no_ocr_name_verification
174,IMG_1575.jpg,20,r2c1,False,174,corviknight_ex,Corviknight ex,1,Pokemon,Colorless,180,Stage 2,True,,0.7,low,sequential_order_alignment,no_ocr_name_verification
175,IMG_1575.jpg,20,r2c2,False,175,porygon2,Porygon2,1,Pokemon,Colorless,90,Stage 1,False,,0.7,low,sequential_order_alignment,no_ocr_name_verification
176,IMG_1575.jpg,20,r2c3,False,176,porygon,Porygon,3,Pokemon,Colorless,60,Basic,False,,0.7,low,sequential_order_alignment,no_ocr_name_verification
177,IMG_1575.jpg,20,r3c1,False,177,staraptor,Staraptor,5,Pokemon,Colorless,140,Stage 2,False,,0.62,low,sequential_order_alignment; boundary_row_penalty,no_ocr_name_verification
178,IMG_1575.jpg,20,r3c2,False,178,staravia,Staravia,1,Pokemon,Colorless,80,Stage 1,False,,0.62,low,sequential_order_alignment; boundary_row_penalty,no_ocr_name_verification
179,IMG_1575.jpg,20,r3c3,False,179,starly,Starly,2,Pokemon,Colorless,60,Basic,False,,0.62,low,sequential_order_alignment; boundary_row_penalty,no_ocr_name_verification
180,IMG_1576.jpg,21,r1c1,False,180,bouffalant,Bouffalant,2,Pokemon,Colorless,100,Basic,False,,0.62,low,sequential_order_alignment; boundary_row_penalty,no_ocr_name_verification
181,IMG_1576.jpg,21,r1c2,False,181,furfrou,Furfrou,1,Pokemon,Colorless,70,Basic,False,,0.62,low,sequential_order_alignment; boundary_row_penalty,no_ocr_name_verification
182,IMG_1576.jpg,21,r1c3,False,182,ditto,Ditto,1,Pokemon,Colorless,60,Basic,False,,0.62,low,sequential_order_alignment; boundary_row_penalty,no_ocr_name_verification
183,IMG_1576.jpg,21,r2c1,False,183,ursaring,Ursaring,1,Pokemon,Colorless,110,Stage 1,False,,0.7,low,sequential_order_alignment,no_ocr_name_verification
184,IMG_1576.jpg,21,r2c2,False,184,audino,Audino,1,Pokemon,Colorless,80,Basic,False,,0.7,low,sequential_order_alignment,no_ocr_name_verification
185,IMG_1576.jpg,21,r2c3,False,185,chansey,Chansey,1,Pokemon,Colorless,100,Basic,False,,0.7,low,sequential_order_alignment,no_ocr_name_verification
186,IMG_1576.jpg,21,r3c1,False,186,dubwool,Dubwool,1,Pokemon,Colorless,120,Stage 1,False,,0.62,low,sequential_order_alignment; boundary_row_penalty,no_ocr_name_verification
187,IMG_1576.jpg,21,r3c2,False,187,cinccino,Cinccino,2,Pokemon,Colorless,90,Stage 1,False,,0.62,low,sequential_order_alignment; boundary_row_penalty,no_ocr_name_verification
188,IMG_1576.jpg,21,r3c3,False,188,minccino,Minccino,4,Pokemon,Colorless,50,Basic,False,,0.62,low,sequential_order_alignment; boundary_row_penalty,no_ocr_name_verification
189,IMG_1577.jpg,22,r1c1,False,189,watchog,Watchog,2,Pokemon,Colorless,90,Stage 1,False,,0.62,low,sequential_order_alignment; boundary_row_penalty,no_ocr_name_verification
190,IMG_1577.jpg,22,r1c2,False,190,eevee,Eevee,1,Pokemon,Colorless,60,Basic,False,,0.62,low,sequential_order_alignment; boundary_row_penalty,no_ocr_name_verification
191,IMG_1577.jpg,22,r1c3,False,191,castform,Castform,2,Pokemon,Colorless,70,Basic,False,,0.62,low,sequential_order_alignment; boundary_row_penalty,no_ocr_name_verification
192,IMG_1577.jpg,22,r2c1,False,192,raticate,Raticate,1,Pokemon,Colorless,80,Stage 1,False,,0.7,low,sequential_order_alignment,no_ocr_name_verification
193,IMG_1577.jpg,22,r2c2,False,193,rattata,Rattata,2,Pokemon,Colorless,40,Basic,False,,0.7,low,sequential_order_alignment,no_ocr_name_verification
194,IMG_1577.jpg,22,r2c3,False,194,jigglypuff,Jigglypuff,1,Pokemon,Colorless,60,Basic,False,,0.7,low,sequential_order_alignment,no_ocr_name_verification
195,IMG_1577.jpg,22,r3c1,False,195,farfetch_d,Farfetch'd,1,Pokemon,Colorless,60,Basic,False,,0.62,low,sequential_order_alignment; boundary_row_penalty,no_ocr_name_verification
196,IMG_1577.jpg,22,r3c2,False,196,buneary,Buneary,2,Pokemon,Colorless,60,Basic,False,,0.62,low,sequential_order_alignment; boundary_row_penalty,no_ocr_name_verification
197,IMG_1577.jpg,22,r3c3,False,197,pidgey,Pidgey,2,Pokemon,Colorless,60,Basic,False,,0.62,low,sequential_order_alignment; boundary_row_penalty,no_ocr_name_verification
198,IMG_1578.jpg,23,r1c1,False,198,quick_grow_extract,Quick-Grow Extract,4,Trainer,,,,False,,0.62,low,sequential_order_alignment; boundary_row_penalty,no_ocr_name_verification
199,IMG_1578.jpg,23,r1c2,False,199,flame_patch,Flame Patch,2,Trainer,,,,False,,0.62,low,sequential_order_alignment; boundary_row_penalty,no_ocr_name_verification
200,IMG_1578.jpg,23,r1c3,False,200,rare_candy,Rare Candy,1,Trainer,,,,False,,0.62,low,sequential_order_alignment; boundary_row_penalty,no_ocr_name_verification
201,IMG_1578.jpg,23,r2c1,False,201,field_blower,Field Blower,1,Trainer,,,,False,,0.7,low,sequential_order_alignment,no_ocr_name_verification
202,IMG_1578.jpg,23,r2c2,False,202,giant_cape,Giant Cape,2,Trainer,,,,False,,0.7,low,sequential_order_alignment,no_ocr_name_verification
203,IMG_1578.jpg,23,r2c3,False,203,clemont_s_backpack,Clemont's Backpack,1,Trainer,,,,False,,0.7,low,sequential_order_alignment,no_ocr_name_verification
204,IMG_1578.jpg,23,r3c1,False,204,red_card,Red Card,1,Trainer,,,,False,,0.62,low,sequential_order_alignment; boundary_row_penalty,no_ocr_name_verification
205,IMG_1578.jpg,23,r3c2,False,205,potion,Potion,1,Trainer,,,,False,,0.62,low,sequential_order_alignment; boundary_row_penalty,no_ocr_name_verification
206,IMG_1578.jpg,23,r3c3,False,206,x_speed,X Speed,1,Trainer,,,,False,,0.62,low,sequential_order_alignment; boundary_row_penalty,no_ocr_name_verification
207,IMG_1579.jpg,24,r1c1,False,207,hand_scope,Hand Scope,1,Trainer,,,,False,,0.62,low,sequential_order_alignment; boundary_row_penalty,no_ocr_name_verification
208,IMG_1579.jpg,24,r1c2,False,208,pok_dex,Pokédex,1,Trainer,,,,False,,0.62,low,sequential_order_alignment; boundary_row_penalty,no_ocr_name_verification
209,IMG_1579.jpg,24,r1c3,False,209,pok_ball,Poké Ball,4,Trainer,,,,False,,0.62,low,sequential_order_alignment; boundary_row_penalty,no_ocr_name_verification
210,IMG_1579.jpg,24,r2c1,False,210,clemont,Clemont,2,Trainer,,,,False,,0.7,low,sequential_order_alignment,no_ocr_name_verification
211,IMG_1579.jpg,24,r2c2,False,211,serena,Serena,1,Trainer,,,,False,,0.7,low,sequential_order_alignment,no_ocr_name_verification
212,IMG_1579.jpg,24,r2c3,False,212,giovanni,Giovanni,1,Trainer,,,,False,,0.7,low,sequential_order_alignment,no_ocr_name_verification
213,IMG_1579.jpg,24,r3c1,False,213,sabrina,Sabrina,1,Trainer,,,,False,,0.62,low,sequential_order_alignment; boundary_row_penalty,no_ocr_name_verification
214,IMG_1579.jpg,24,r3c2,False,214,leaf,Leaf,1,Trainer,,,,False,,0.62,low,sequential_order_alignment; boundary_row_penalty,no_ocr_name_verification
215,IMG_1579.jpg,24,r3c3,False,215,cyrus,Cyrus,1,Trainer,,,,False,,0.62,low,sequential_order_alignment; boundary_row_penalty,no_ocr_name_verification
216,IMG_1580.jpg,25,r1c1,False,216,korrina,Korrina,2,Trainer,,,,False,,0.62,low,sequential_order_alignment; boundary_row_penalty,no_ocr_name_verification
217,IMG_1580.jpg,25,r1c2,False,217,cheren,Cheren,2,Trainer,,,,False,,0.62,low,sequential_order_alignment; boundary_row_penalty,no_ocr_name_verification
218,IMG_1580.jpg,25,r1c3,False,218,may,May,1,Trainer,,,,False,,0.62,low,sequential_order_alignment; boundary_row_penalty,no_ocr_name_verification
219,IMG_1580.jpg,25,r2c1,False,219,copycat,Copycat,2,Trainer,,,,False,,0.7,low,sequential_order_alignment,no_ocr_name_verification
220,IMG_1580.jpg,25,r2c2,False,220,lillie,Lillie,1,Trainer,,,,False,,0.7,low,sequential_order_alignment,no_ocr_name_verification
221,IMG_1580.jpg,25,r2c3,False,221,professor_s_research,Professor's Research,4,Trainer,,,,False,,0.7,low,sequential_order_alignment,no_ocr_name_verification
222,IMG_1580.jpg,25,r3c1,False,222,starting_plains,Starting Plains,1,Trainer,,,,False,,0.62,low,sequential_order_alignment; boundary_row_penalty,no_ocr_name_verification
223,IMG_1580.jpg,25,r3c2,False,223,arena_of_antiquity,Arena of Antiquity,1,Trainer,,,,False,,0.62,low,sequential_order_alignment; boundary_row_penalty,no_ocr_name_verification
224,IMG_1580.jpg,25,r3c3,False,,,,,,,,,,,0.0,unresolved,surplus_slot_no_entry_match,surplus_slot
225,IMG_1581.jpg,26,r1c1,True,,,,,,,,,,,0.0,unresolved,surplus_slot_no_entry_match,surplus_slot
226,IMG_1581.jpg,26,r1c2,True,,,,,,,,,,,0.0,unresolved,surplus_slot_no_entry_match,surplus_slot
227,IMG_1581.jpg,26,r1c3,True,,,,,,,,,,,0.0,unresolved,surplus_slot_no_entry_match,surplus_slot
228,IMG_1581.jpg,26,r2c1,True,,,,,,,,,,,0.0,unresolved,surplus_slot_no_entry_match,surplus_slot
229,IMG_1581.jpg,26,r2c2,True,,,,,,,,,,,0.0,unresolved,surplus_slot_no_entry_match,surplus_slot
230,IMG_1581.jpg,26,r2c3,True,,,,,,,,,,,0.0,unresolved,surplus_slot_no_entry_match,surplus_slot
231,IMG_1581.jpg,26,r3c1,True,,,,,,,,,,,0.0,unresolved,surplus_slot_no_entry_match,surplus_slot
